Date;CPI Total;Nahrungsmittel und alkoholfreie Getränke;Nahrungsmittel;Brot, Mehl und Getreideprodukte;Fleisch, Fleischwaren;Milch, Käse, Eier;Früchte, Gemüse, Kartoffeln und Pilze
31.12.1982;63.2611;72.9171;71.7879;70.404;62.5746;85.6749;68.9765
31.01.1983;63.1666;73.2391;72.1298;70.4182;62.0191;85.7212;71.1245
28.02.1983;63.2539;73.5722;72.4167;71.0197;61.925;85.9061;71.8386
31.03.1983;63.3746;74.3022;73.1883;71.3732;61.8351;86.0586;75.4972
30.04.1983;63.5727;75.0765;74.0094;71.5101;61.6788;86.0991;79.189
31.05.1983;63.6272;74.4582;73.3542;71.6402;61.3568;85.981;76.4747
30.06.1983;63.8901;75.6674;74.6378;71.6884;61.784;86.0145;81.8664
31.07.1983;63.7656;74.6574;73.5699;71.7299;62.1959;87.0633;74.7958
31.08.1983;63.9373;73.5802;72.41;71.8177;62.4147;87.9172;67.9727
30.09.1983;64.0167;73.8059;72.6455;71.8437;63.4567;88.1265;67.5597
31.10.1983;64.17;74.6811;73.5643;71.8719;63.7244;88.3936;71.0729
30.11.1983;64.5766;75.0432;73.9579;71.9084;63.9702;88.5927;72.2717
31.12.1983;64.6126;75.0767;73.9878;71.9358;64.3078;88.6289;71.8916
31.01.1984;64.8447;75.8433;74.8066;73.1765;64.3009;88.7099;74.5522
29.02.1984;65.0788;76.3986;75.359;74.0802;64.7846;88.993;75.2491
31.03.1984;65.502;77.4933;76.4908;74.1812;65.9868;89.1791;78.6454
30.04.1984;65.5984;78.1005;77.128;74.2753;65.962;89.322;81.487
31.05.1984;65.4621;77.7144;76.7129;74.481;65.9473;89.3983;79.246
30.06.1984;65.6728;78.4681;77.5106;74.498;66.7719;89.1633;81.94
31.07.1984;65.5566;77.6192;76.6009;74.5275;67.9713;89.1681;75.6931
31.08.1984;65.7892;77.1398;76.062;74.6584;68.5003;89.1917;72.1887
30.09.1984;65.7491;76.0686;74.8875;74.6437;68.7986;89.3319;66.0837
31.10.1984;66.1649;76.9994;75.8589;74.762;68.7705;89.3363;70.5359
30.11.1984;66.5103;77.8486;76.7064;74.7666;68.7421;89.5496;74.2166
31.12.1984;66.4889;77.3462;76.182;74.7669;68.7756;89.6006;71.6411
31.01.1985;67.1389;79.0735;77.9976;75.0906;68.654;89.6508;79.8514
28.02.1985;67.6866;80.0383;78.9828;75.3444;68.4377;89.5469;84.354
31.03.1985;68.0631;80.6058;79.5667;76.0835;67.7609;89.729;87.5441
30.04.1985;67.9801;81.0278;79.9869;76.5361;67.6894;89.7692;88.884
31.05.1985;67.9329;80.4608;79.3793;76.854;67.4401;89.827;85.9824
30.06.1985;67.8994;80.1113;78.9945;76.9054;67.4652;89.6724;84.2505
31.07.1985;67.7544;79.2051;78.0252;77.0175;67.753;89.5669;79.1313
31.08.1985;67.7398;77.2881;75.9647;77.1508;67.9966;89.5915;68.578
30.09.1985;67.9487;77.3188;75.9934;77.1396;68.622;89.4812;68.0652
31.10.1985;68.1178;77.9306;76.6491;77.1325;68.1934;89.5856;71.53
30.11.1985;68.5995;78.46;77.2272;77.2495;68.3479;89.6664;73.7844
31.12.1985;68.6419;79.1915;78.0115;78.6414;68.5096;89.8154;76.0472
31.01.1986;68.6127;79.6808;78.5206;78.8994;68.2274;89.8154;78.4848
28.02.1986;68.5958;79.639;78.4085;79.2056;66.9688;90.1138;79.2819
31.03.1986;68.6804;79.98;78.7131;79.3272;66.8623;90.3577;80.9418
30.04.1986;68.6428;80.4934;79.2243;79.3643;66.5575;90.5129;83.3447
31.05.1986;68.4336;80.5666;79.2661;79.4311;66.3304;90.4257;83.7208
30.06.1986;68.4199;81.2011;79.9214;79.6468;67.4241;90.3478;85.2125
31.07.1986;68.0967;81.0373;79.7826;79.678;67.6975;92.7343;81.4745
31.08.1986;68.228;79.1534;77.7905;79.778;67.6847;93.5502;71.0968
30.09.1986;68.3467;78.9608;77.6252;79.7878;67.515;93.5521;70.7037
31.10.1986;68.3634;79.3274;78.0216;79.7923;66.9599;93.6116;73.2583
30.11.1986;68.5325;78.8633;77.5296;79.7884;67.0255;93.6721;70.8575
31.12.1986;68.6694;79.4339;78.1523;79.8341;67.215;94.0298;73.2177
31.01.1987;69.0667;79.9786;78.7827;79.8736;67.2393;94.0449;76.0226
28.02.1987;69.2694;80.2646;79.1316;79.8815;67.094;94.1331;77.7607
31.03.1987;69.3662;80.7968;79.7436;79.8785;67.1444;94.1748;80.7169
30.04.1987;69.4528;81.1426;80.1454;79.8514;66.3436;94.3575;83.4226
31.05.1987;69.068;80.0808;79.0691;79.8541;65.8011;94.4031;79.2964
30.06.1987;69.2885;81.2119;80.2748;79.8392;66.768;94.3135;83.6534
31.07.1987;69.3063;80.9488;79.9941;79.8715;67.4679;94.2092;81.4273
31.08.1987;69.5758;80.4886;79.5181;80.0179;68.1711;94.2051;78.149
30.09.1987;69.4104;79.7491;78.743;79.9549;69.1171;94.0499;73.5346
31.10.1987;69.7165;80.1897;79.2475;80.0275;68.9881;94.0503;76.0204
30.11.1987;69.9701;80.354;79.4392;80.0134;69.1565;94.0751;76.4604
31.12.1987;69.9652;80.4971;79.5997;80.0666;69.5171;94.3055;76.4545
31.01.1988;70.1438;81.2187;80.3675;80.3255;69.5984;94.3976;79.5279
29.02.1988;70.4865;82.1026;81.3152;80.5939;69.5762;96.8364;81.1116
31.03.1988;70.6497;83.0487;82.3245;80.6606;70.4956;97.8286;83.7554
30.04.1988;70.7846;83.479;82.78;80.8479;70.311;98.4372;85.3167
31.05.1988;70.6127;83.0711;82.3439;81.4266;70.3428;98.4126;82.8096
30.06.1988;70.7226;83.4788;82.7792;81.5243;70.9945;98.3983;83.8939
31.07.1988;70.5614;82.4947;81.7376;81.612;71.7125;98.504;77.8083
31.08.1988;70.8076;81.2282;80.4092;81.6543;71.8115;98.3492;71.4333
30.09.1988;70.8259;81.264;80.4497;81.6822;71.8177;98.3083;71.7964
31.10.1988;70.9391;81.8464;81.0626;81.7437;71.3807;98.2837;75.1305
30.11.1988;71.1996;81.7464;80.9603;81.7693;70.4767;98.3323;75.8433
31.12.1988;71.3286;81.7763;80.9975;81.8398;70.6935;98.5605;75.4553
31.01.1989;71.7196;82.1465;81.3848;82.2969;69.9491;98.5786;77.743
28.02.1989;72.0801;82.4291;81.6736;82.4226;69.847;98.6572;79.1584
31.03.1989;72.2738;82.8144;82.0783;82.5886;69.2137;98.7479;81.6924
30.04.1989;72.6542;83.3323;82.627;82.6501;69.6812;98.4922;83.8932
31.05.1989;72.7044;83.3406;82.6331;82.6611;70.0298;98.5719;83.2409
30.06.1989;72.8286;84.1376;83.4725;82.6949;70.9097;98.955;85.5456
31.07.1989;72.6674;83.4927;82.7722;82.7431;71.6918;98.9701;80.9633
31.08.1989;72.9087;82.1387;81.297;82.8881;71.6775;99.0871;73.6645
30.09.1989;73.2258;82.6897;81.8806;83.3937;72.0052;99.1786;75.6273
31.10.1989;73.5152;83.2755;82.4999;83.707;71.5839;99.3185;78.5357
30.11.1989;74.3639;83.6348;82.8641;83.9626;71.8663;99.4861;78.9728
31.12.1989;74.9106;84.4989;83.7792;83.9912;72.7181;99.5931;81.9425
31.01.1990;75.3515;85.8328;85.2224;86.8387;72.9306;100.1091;85.7259
28.02.1990;75.5959;87.0634;86.5205;87.5497;72.9842;104.0514;88.0821
31.03.1990;75.8562;87.617;87.1132;87.6259;73.3389;105.6617;88.8382
30.04.1990;76.0123;88.4959;88.0501;87.7401;74.4723;106.4684;90.7895
31.05.1990;76.3819;87.9658;87.4601;87.5381;74.5033;106.6963;87.5539
30.06.1990;76.4884;88.4975;88.0264;87.6552;75.5602;106.4348;88.8214
31.07.1990;76.526;88.3328;87.8492;87.6728;75.849;106.6863;87.3082
31.08.1990;77.3441;87.7281;87.1593;87.8219;76.3975;106.7105;82.818
30.09.1990;77.7116;87.817;87.2759;87.8077;76.7375;106.7948;82.7153
31.10.1990;78.1849;88.1246;87.6327;87.934;76.9714;106.7989;83.9765
30.11.1990;78.8672;87.6287;87.1164;88.0274;76.7301;106.9284;81.579
31.12.1990;78.863;87.9222;87.4373;88.0955;77.2191;107.2395;81.9899
31.01.1991;79.5029;89.9388;89.5707;92.9109;78.0023;107.4106;87.0954
28.02.1991;80.2932;90.7776;90.4107;94.1938;77.711;107.5046;90.13
31.03.1991;80.3057;91.7519;91.4427;94.3563;78.4736;107.452;94.2675
30.04.1991;80.4985;92.1702;91.8849;94.4218;78.4597;108.4355;95.4164
31.05.1991;81.1779;91.4116;91.0273;94.4879;78.3878;109.2249;90.616
30.06.1991;81.5113;92.9585;92.6637;94.5121;79.0444;109.3906;97.2105
31.07.1991;81.5395;91.8929;91.5363;94.5297;79.1945;109.558;91.467
31.08.1991;81.9637;91.6296;91.2368;94.733;79.14;109.7255;89.3963
30.09.1991;82.1225;91.3024;90.8828;94.7217;79.3534;110.2228;86.9416
31.10.1991;82.1951;91.3145;90.9033;94.7865;78.8765;110.4826;87.5114
30.11.1991;83.1825;92.3523;91.9698;94.8676;78.5285;110.827;92.2267
31.12.1991;82.985;91.6148;91.1823;94.8935;78.131;110.1956;89.4926
31.01.1992;83.3753;92.1181;91.7145;95.8153;76.5597;110.731;92.945
29.02.1992;83.9704;92.0307;91.6253;96.561;75.1155;111.0663;93.7498
31.03.1992;84.2157;92.6684;92.2958;96.7574;76.1692;111.1551;95.0455
30.04.1992;84.35;92.6623;92.2878;96.8113;75.6461;111.2489;95.4375
31.05.1992;84.5723;91.7218;91.2504;96.9066;75.4405;111.2603;90.6674
30.06.1992;84.9083;93.1253;92.7507;96.9726;76.2853;111.3319;96.4931
31.07.1992;84.6528;91.6557;91.1952;96.9529;76.218;111.1933;89.1974
31.08.1992;84.8742;90.4203;89.8642;97.0465;76.1231;111.2914;82.8295
30.09.1992;84.9742;90.7608;90.2282;97.0588;76.2167;111.2756;84.4204
31.10.1992;85.0976;90.9345;90.4077;97.1075;76.2972;111.1257;85.4543
30.11.1992;85.9162;91.172;90.689;97.11;76.2214;111.302;86.6687
31.12.1992;85.8238;90.4783;89.9547;97.1708;76.2214;111.2379;83.2025
31.01.1993;86.264;91.4739;91.0062;97.3464;75.9704;111.2854;88.2677
28.02.1993;86.8177;91.5425;91.0907;97.4221;75.6401;111.2869;89.0282
31.03.1993;87.28;92.6014;92.2086;97.5034;75.9636;111.1722;93.9888
30.04.1993;87.5452;92.6786;92.2847;97.4971;76.6238;111.3562;93.0996
31.05.1993;87.5966;91.8483;91.3695;97.5836;76.3002;111.2611;89.2758
30.06.1993;87.5742;91.8061;91.5227;97.5885;76.5253;111.2926;89.6541
31.07.1993;87.5199;91.1873;90.8712;97.7655;76.5742;111.2944;86.5606
31.08.1993;87.9514;91.1436;90.8341;97.8258;76.8416;111.111;86.084
30.09.1993;87.8974;90.614;90.2289;97.7151;77.3451;109.0214;84.824
31.10.1993;87.9629;90.6541;90.2746;97.722;77.1023;108.6559;85.8167
30.11.1993;87.8444;90.6034;90.2193;97.741;77.2773;108.5724;85.3256
31.12.1993;87.9542;91.6501;91.1884;97.7484;78.6935;108.5758;87.3801
31.01.1994;88.0571;91.7347;91.2753;97.8227;78.7127;108.5447;87.6168
28.02.1994;88.4146;92.0103;91.5746;97.8582;78.7802;108.7719;88.7587
31.03.1994;88.416;91.8368;91.471;97.7674;78.493;108.6684;89.2174
30.04.1994;88.4621;91.7262;91.3652;97.8539;77.8142;108.782;89.3761
31.05.1994;87.913;91.6695;91.2971;97.8764;77.5867;108.2926;89.9798
30.06.1994;88.0514;92.5029;92.2648;98.0001;78.0584;108.2945;93.4148
31.07.1994;88.0362;92.401;92.1451;97.973;78.321;108.2268;92.4824
31.08.1994;88.3819;91.9113;91.5914;97.9807;78.4691;107.9575;90.0032
30.09.1994;88.4176;92.3335;91.9371;97.9923;78.9617;107.928;91.3173
31.10.1994;88.3448;92.088;91.5856;97.8492;78.4007;107.909;90.8618
30.11.1994;88.3385;91.1897;90.5553;97.872;78.748;108.0381;85.888
31.12.1994;88.3237;91.1651;90.3954;97.9419;78.2294;108.1059;85.6036
31.01.1995;88.9508;92.5269;91.8231;99.7565;78.5483;109.1082;89.3438
28.02.1995;89.7438;93.4916;92.8506;100.067;78.3349;109.5891;93.5578
31.03.1995;89.7989;92.906;92.1903;99.8092;77.9282;109.5639;91.0338
30.04.1995;89.8744;92.9003;92.1796;99.5693;77.39;109.5754;91.9409
31.05.1995;89.7051;92.5;91.7384;99.5971;76.6798;109.4688;91.0928
30.06.1995;89.8831;93.5016;92.812;99.6316;76.7091;109.5113;95.6972
31.07.1995;89.8225;93.3301;92.6205;99.6094;77.2349;109.1943;94.3571
31.08.1995;90.1071;92.3876;91.6402;99.5938;76.417;109.1867;91.2591
30.09.1995;90.1842;92.4304;91.6945;99.5652;76.4109;109.2292;91.5745
31.10.1995;90.0864;91.8667;91.0923;99.5999;75.7937;108.9457;90.1021
30.11.1995;90.0193;91.0877;90.3191;99.5647;75.862;109.0212;86.545
31.12.1995;90.0443;91.0291;90.2557;99.5121;75.3188;108.9211;87.0537
31.01.1996;90.3014;92.0693;91.3761;99.4852;76.007;108.9029;91.0119
29.02.1996;90.446;92.1374;91.4464;99.3779;75.2264;108.9694;92.632
31.03.1996;90.6057;92.6913;92.1225;99.1286;75.3949;107.7431;96.5469
30.04.1996;90.6935;92.7866;92.2814;99.2377;76.7383;106.167;96.4729
31.05.1996;90.3623;92.2039;91.6554;99.1536;76.2442;106.0358;94.5665
30.06.1996;90.5386;93.432;92.964;99.1607;77.9388;105.9723;97.9329
31.07.1996;90.412;92.6693;92.1431;99.1261;78.3469;105.714;93.9219
31.08.1996;90.6458;91.7118;91.1134;99.1609;77.8758;105.689;89.9058
30.09.1996;90.6986;91.5452;90.9088;99.1911;77.9116;105.6394;88.8199
31.10.1996;90.8432;91.4051;90.753;99.1109;78.0815;105.4524;88.138
30.11.1996;90.6761;90.7158;90.0175;99.1339;77.5102;105.5549;85.5933
31.12.1996;90.7479;91.1403;90.4959;99.0395;77.9154;105.6183;87.1648
31.01.1997;91.051;92.2715;91.7058;98.8658;78.2317;105.6706;92.1324
28.02.1997;91.2106;92.4509;91.8945;98.6045;77.9518;105.6414;93.511
31.03.1997;91.0794;92.2008;91.636;98.5224;78.0672;105.6453;92.1483
30.04.1997;91.1671;92.4651;91.9181;98.4887;78.4452;105.5452;92.9683
31.05.1997;90.8834;92.6507;92.0852;98.6427;78.7525;105.5274;93.25
30.06.1997;90.9747;93.2946;92.7952;98.4755;78.9035;105.4576;96.3618
31.07.1997;90.8758;92.766;92.2185;98.6381;78.9223;105.5246;93.6401
31.08.1997;91.076;92.4449;91.8755;98.6569;78.9505;105.4508;92.1387
30.09.1997;91.0742;92.6908;91.9839;98.5071;79.1004;105.3107;92.336
31.10.1997;91.081;92.6652;91.9465;98.6668;79.6336;105.1875;91.3109
30.11.1997;91.0541;92.6857;91.9787;98.6485;80.0697;105.2927;90.7882
31.12.1997;91.0985;93.3003;92.6172;98.752;80.438;105.2244;92.8755
31.01.1998;91.065;93.5911;92.9272;98.6678;80.0885;105.3236;94.6278
28.02.1998;91.1768;93.6089;92.9453;98.7537;79.5829;105.3548;95.3715
31.03.1998;91.1095;93.4279;92.7733;99.0162;79.3604;105.403;94.7736
30.04.1998;91.1465;93.3496;92.7115;99.0435;79.6341;105.404;93.9755
31.05.1998;90.9583;93.5247;92.8781;99.0536;79.4277;105.4351;94.8703
30.06.1998;91.0665;94.6819;94.1644;99.0575;80.313;105.4171;99.1203
31.07.1998;90.9441;93.7531;93.1695;99.1091;80.2159;105.4358;94.6951
31.08.1998;91.2031;93.2936;92.6767;99.0862;79.8943;105.5012;92.8266
30.09.1998;91.1304;93.2038;92.5509;99.172;79.1829;105.3859;93.0857
31.10.1998;91.1122;93.0314;92.3685;99.2218;78.9523;105.4316;92.5927
30.11.1998;90.9644;92.6821;91.9909;99.181;78.7941;105.3742;91.1773
31.12.1998;90.945;92.9053;92.1667;99.2159;78.5363;105.4691;92.0947
31.01.1999;91.1314;93.551;92.8533;99.4269;78.7724;105.6308;94.4526
28.02.1999;91.4394;93.5206;92.8233;99.6261;78.0623;105.4686;95.5258
31.03.1999;91.535;93.2205;92.5749;99.6219;77.1518;105.3664;95.7311
30.04.1999;91.6877;93.3686;92.7319;99.7792;77.4251;105.3541;95.8675
31.05.1999;91.482;93.0333;92.3727;99.7719;77.3306;103.7249;95.6742
30.06.1999;91.5893;93.8638;93.1987;99.8701;77.9747;102.3463;99.4171
31.07.1999;91.6125;93.6505;92.9746;99.8731;78.9731;102.1671;97.1344
31.08.1999;92.0659;93.0556;92.3327;99.917;79.1405;101.8747;94.2144
30.09.1999;92.2398;93.2011;92.5462;99.8533;79.5432;101.5897;94.6557
31.10.1999;92.2389;92.8865;92.2557;99.2834;80.6091;101.2577;92.4233
30.11.1999;92.1509;92.6881;92.0607;98.4976;80.4332;101.2146;92.4194
31.12.1999;92.462;93.4742;92.7906;98.3618;81.436;101.1201;94.1534
31.01.2000;92.5762;93.821;93.1732;98.3955;81.7557;101.1568;95.2342
29.02.2000;92.9241;94.7608;94.1794;98.2879;82.4237;101.0872;98.9076
31.03.2000;92.8924;94.4102;93.868;98.2513;82.6833;101.1523;97.1392
30.04.2000;92.9736;95.066;94.5795;98.2882;84.0909;101.0532;98.2826
31.05.2000;92.9279;95.1929;94.7117;98.301;84.5137;101.1132;98.1858
30.06.2000;93.2738;95.7363;95.1713;97.9702;85.6707;100.7124;99.2744
31.07.2000;93.3429;94.9813;94.3222;97.7936;85.7145;101.0245;94.9186
31.08.2000;93.1014;95.212;94.5804;98.5558;85.5843;100.8815;95.1641
30.09.2000;93.568;94.9125;94.3286;98.1424;85.8522;100.7538;93.9079
31.10.2000;93.4677;94.5989;93.9261;97.7773;85.7069;100.3133;92.6935
30.11.2000;93.9133;94.7651;94.0574;98.0878;85.9212;100.6614;92.3643
31.12.2000;93.8428;94.3133;93.5695;96.2783;85.2429;100.6444;92.4466
31.01.2001;93.7755;95.1739;94.5016;97.9166;85.8928;101.2951;94.2289
28.02.2001;93.6487;95.3325;94.677;98.9173;85.6144;101.7047;94.0676
31.03.2001;93.7989;95.5155;94.9162;98.8545;85.8862;101.5551;94.8666
30.04.2001;94.0582;96.1185;95.5663;98.9336;86.504;101.7273;97.1094
31.05.2001;94.5687;96.453;95.9567;98.7439;86.3363;101.8395;100.338
30.06.2001;94.7479;97.9824;97.5396;98.8525;88.4463;102.2161;103.9211
31.07.2001;94.6045;97.6807;97.1994;99.4984;87.6868;102.618;102.0811
31.08.2001;94.0797;97.1573;96.64;98.9722;88.3035;102.6773;98.097
30.09.2001;94.1996;97.4076;96.8375;98.8494;87.8134;102.5822;99.6913
31.10.2001;94.0568;97.9469;97.4667;98.8024;87.9398;103.1417;102.5083
30.11.2001;94.1828;96.9631;96.4062;98.4075;88.3445;102.8907;96.5429
31.12.2001;94.148;97.7163;97.2464;98.6893;88.711;102.857;100.2693
31.01.2002;94.2645;99.3508;98.8883;99.5738;89.493;103.2109;107.0437
28.02.2002;94.2616;99.2203;98.7612;99.4005;88.8222;103.0116;108.189
31.03.2002;94.2768;99.2133;98.6953;99.4351;89.2104;103.0777;106.0844
30.04.2002;95.0902;99.5516;99.0658;100.1541;89.8614;103.2368;106.0931
31.05.2002;95.1815;99.1671;98.7509;100.2686;90.1158;102.7697;104.264
30.06.2002;95.0567;99.1889;98.6622;99.1043;89.8326;103.1784;105.5585
31.07.2002;94.5557;99.0258;98.4924;99.9898;90.1833;103.281;101.7611
31.08.2002;94.5243;98.8009;98.2714;100.1106;90.044;103.5802;100.7294
30.09.2002;94.6676;99.0222;98.4884;99.8113;90.4554;102.945;101.1731
31.10.2002;95.2205;98.8353;98.2947;100.461;90.0795;103.0075;100.1104
30.11.2002;95.045;98.4589;97.8565;100.0347;89.9355;103.1516;98.144
31.12.2002;94.9867;98.4338;97.9123;100.4279;90.0952;103.1955;97.4691
31.01.2003;95.0626;98.8467;98.2313;100.0704;90.8706;102.8816;99.3022
28.02.2003;95.1562;99.5626;99.0109;101.388;89.9363;102.4859;103.1357
31.03.2003;95.5392;100.4362;99.9319;101.4425;90.2695;102.1657;107.7505
30.04.2003;95.7291;100.3039;99.89;102.1526;90.8383;102.6608;105.613
31.05.2003;95.5757;100.2902;99.7824;102.1674;90.9138;102.6845;104.6573
30.06.2003;95.5776;100.7895;100.3316;101.7277;91.6861;102.5569;107.3869
31.07.2003;94.8114;100.0105;99.4945;100.7575;91.9131;102.3591;104.2503
31.08.2003;95.0321;100.355;99.8776;102.2769;91.6667;102.5202;104.4809
30.09.2003;95.1698;100.7385;100.2916;101.9388;90.8236;102.7503;108.0154
31.10.2003;95.6525;100.8116;100.3475;101.7477;90.8759;102.7394;108.2171
30.11.2003;95.5322;100.5361;100.1411;102.0502;91.9074;102.822;105.3479
31.12.2003;95.5507;100.6836;100.2269;102.3336;92.45;103.0988;104.7044
31.01.2004;95.2266;101.2015;100.7657;101.9009;92.8052;103.2507;106.508
29.02.2004;95.2425;100.8741;100.424;102.3122;92.3656;103.1052;105.1143
31.03.2004;95.4465;101.0165;100.6723;101.9975;92.7909;103.324;106.5081
30.04.2004;96.2516;101.3288;101.0298;102.11;93.4885;103.3245;107.1971
31.05.2004;96.4741;101.1078;100.773;102.2827;93.4928;103.3956;105.6051
30.06.2004;96.6405;101.7593;101.4777;101.7513;93.9619;103.52;109.0346
31.07.2004;95.6291;100.8312;100.5169;102.0751;94.0807;103.4775;103.4314
31.08.2004;95.9835;100.1149;99.6716;102.3487;93.81;102.9202;99.6515
30.09.2004;95.989;100.4153;99.9752;101.6884;93.459;103.3625;102.3985
31.10.2004;96.8889;100.4209;99.9828;102.3981;93.7092;103.521;100.2251
30.11.2004;96.9819;100.0678;99.6928;103.0006;93.3186;103.1587;99.1839
31.12.2004;96.8233;100.3156;99.887;102.5494;93.1634;103.4901;100.8284
31.01.2005;96.3739;100.5928;100.1744;102.6133;93.819;103.6071;101.2723
28.02.2005;96.5857;101.1621;100.8333;102.4031;93.3484;102.9238;106.9222
31.03.2005;96.822;101.0456;100.7872;102.5001;92.8339;102.4782;107.791
30.04.2005;97.6146;100.9112;100.6456;102.711;92.4019;102.4638;107.3448
31.05.2005;97.5177;100.6465;100.3682;102.4529;92.8876;102.4187;105.8055
30.06.2005;97.2985;100.9346;100.7163;102.4252;93.414;102.4635;106.84
31.07.2005;96.7662;99.9192;99.607;102.2734;93.1558;102.0545;102.0959
31.08.2005;96.9056;99.52;99.1469;102.1981;92.5469;101.9987;100.4819
30.09.2005;97.3296;99.4879;99.1239;101.9497;91.54;101.5907;102.7582
31.10.2005;98.1807;99.0151;98.6244;101.3218;91.5387;101.4553;100.7895
30.11.2005;97.9047;98.8364;98.4283;101.6508;91.3563;101.7648;99.1272
31.12.2005;97.7977;98.8039;98.3779;101.093;90.9302;101.4768;100.6617
31.01.2006;97.618;99.6523;99.3136;101.1023;91.3153;101.4078;105.2897
28.02.2006;97.9221;100.2957;100.0782;100.8505;92.014;100.619;109.7821
31.03.2006;97.8181;99.8227;99.4309;101.0741;91.417;101.2285;106.4812
30.04.2006;98.6485;99.794;99.4121;101.3111;91.225;101.5727;105.9765
31.05.2006;98.8458;99.858;99.5053;100.8466;91.3736;101.2712;107.3893
30.06.2006;98.8184;100.333;100.0238;101.1422;91.0101;101.4465;110.2835
31.07.2006;98.1448;100.0375;99.7198;101.0851;91.5763;101.2578;108.1928
31.08.2006;98.3128;100.322;99.984;101.0522;91.2298;100.946;109.7781
30.09.2006;98.1023;101.3818;101.2341;100.8697;91.3409;101.4153;115.8241
31.10.2006;98.4346;99.9387;99.6654;100.903;91.2637;101.4802;107.755
30.11.2006;98.392;99.4946;99.2107;100.6209;91.7278;101.4211;105.1344
31.12.2006;98.405;99.4386;99.0927;100.8659;90.6626;101.1237;105.9506
31.01.2007;97.7176;100.4207;100.1808;100.8488;92.1141;101.256;109.0272
28.02.2007;97.9109;100.316;100.0292;100.8336;91.5283;100.636;109.7704
31.03.2007;97.9872;99.788;99.4409;101.0338;91.2232;101.0759;106.3352
30.04.2007;99.0963;100.5517;100.2515;100.7761;91.6999;101.305;109.9489
31.05.2007;99.3281;100.0941;99.7895;100.8352;91.9988;101.0094;107.6673
30.06.2007;99.4418;100.6027;100.3504;100.4568;92.6525;100.9045;110.0211
31.07.2007;98.8518;100.2874;100.0685;100.7461;92.1309;100.6841;109.1544
31.08.2007;98.7413;100.4318;100.178;100.8075;92.2349;100.2918;109.5294
30.09.2007;98.8353;100.6385;100.3697;100.6024;92.1245;100.5041;111.3314
31.10.2007;99.6792;101.0371;100.8217;101.0325;92.3407;100.5073;112.2354
30.11.2007;100.1336;101.0002;100.7399;101.7869;92.7627;101.7191;109.7185
31.12.2007;100.3771;101.4545;101.2027;103.0136;92.8152;101.9165;110.5464
31.01.2008;100.0885;102.3679;102.1855;104.4435;92.9223;102.4629;112.9869
29.02.2008;100.2261;102.4123;102.2226;105.0884;94.0873;103.194;109.8486
31.03.2008;100.5651;102.5968;102.4175;105.6901;93.808;103.9764;109.5989
30.04.2008;101.3596;102.7348;102.5373;105.0205;94.1809;103.6181;110.5448
31.05.2008;102.1644;103.3517;103.2735;104.7592;95.3372;104.0385;112.6388
30.06.2008;102.3373;104.0041;103.9102;105.3345;95.702;103.8484;115.0294
31.07.2008;101.8913;104.0417;103.9663;105.4625;96.4698;104.957;113.7472
31.08.2008;101.6259;103.7859;103.7025;106.2964;96.3796;105.8209;109.6473
30.09.2008;101.7284;104.7471;104.5593;106.6677;97.33;105.3143;111.6253
31.10.2008;102.2689;104.999;104.8242;106.3082;97.259;105.6543;112.7873
30.11.2008;101.5878;104.4433;104.2579;106.8065;97.9021;105.9836;107.5793
31.12.2008;101.0807;104.578;104.5129;106.5209;97.4121;106.0657;110.1094
31.01.2009;100.2278;104.4563;104.2991;105.9555;97.2079;104.703;112.2434
28.02.2009;100.4641;104.7402;104.6447;106.0525;97.0372;104.5524;113.7738
31.03.2009;100.1385;104.4619;104.3567;106.5974;96.9664;104.754;111.746
30.04.2009;101.0213;104.0519;103.9467;106.5551;96.6023;104.5719;110.6634
31.05.2009;101.1824;103.8708;103.7251;106.3763;96.5945;104.2402;109.8863
30.06.2009;101.364;104.1931;104.0445;106.2621;97.3863;104.375;109.9176
31.07.2009;100.6913;103.8081;103.6818;106.3655;97.1669;104.0182;108.7343
31.08.2009;100.8028;102.8876;102.6778;106.736;96.286;103.0053;105.1357
30.09.2009;100.7899;103.2743;102.9846;106.8109;96.2859;103.2435;106.8303
31.10.2009;101.4163;102.0018;101.6515;105.6794;94.751;102.9287;104.4022
30.11.2009;101.6121;102.0175;101.5791;105.5616;95.0507;102.7241;104.0515
31.12.2009;101.3664;101.9892;101.6262;105.9635;94.6267;102.967;103.7657
31.01.2010;101.2538;102.6274;102.2789;105.1182;94.2049;102.6494;108.6822
28.02.2010;101.4012;103.0711;102.8059;105.8187;94.2634;103.2607;110.131
31.03.2010;101.5402;103.4293;103.2083;105.902;94.0591;103.1679;112.2502
30.04.2010;102.408;103.4845;103.2108;105.7797;94.6835;103.0009;111.9899
31.05.2010;102.3023;102.6803;102.3264;105.1035;94.8842;103.4993;107.4593
30.06.2010;101.8569;102.6615;102.4134;104.3324;94.5529;102.0235;110.535
31.07.2010;101.1127;102.1875;101.9331;105.0349;94.6946;102.3417;108.7213
31.08.2010;101.0986;102.4731;102.1542;104.4805;95.0251;102.4222;107.6492
30.09.2010;101.0752;102.2765;102.0004;105.0123;94.0619;101.9;109.3176
31.10.2010;101.613;101.1375;100.9789;104.8454;94.3254;101.7804;103.5882
30.11.2010;101.857;101.2794;100.9552;104.8826;94.5798;101.4993;103.3445
31.12.2010;101.8931;100.6995;100.4369;104.2555;93.9042;101.2056;102.8051
31.01.2011;101.5358;99.7026;99.4252;103.6939;91.7024;100.5209;102.6211
28.02.2011;101.9185;99.8186;99.5376;103.925;91.8997;100.6206;102.3094
31.03.2011;102.5599;100.1479;99.7234;103.8871;92.1291;100.5852;102.6502
30.04.2011;102.6731;99.3269;99.0154;102.7953;91.834;101.1684;100.1986
31.05.2011;102.6798;100.1143;99.6346;102.5143;93.1234;101.715;102.2695
30.06.2011;102.4317;100.507;100.074;103.3507;92.9749;101.6916;103.8451
31.07.2011;101.59;99.7336;99.1358;102.3415;92.2688;101.0552;100.9665
31.08.2011;101.293;99.1784;98.6143;101.9938;91.9985;100.7382;99.8515
30.09.2011;101.5662;98.1848;97.5786;101.489;91.4728;99.51;98.7548
31.10.2011;101.4987;97.8171;97.1348;101.8789;91.0119;99.4561;96.3362
30.11.2011;101.3215;96.6389;96.0238;100.4618;90.2109;97.959;94.9659
31.12.2011;101.1649;96.8767;96.3441;101.4346;90.7593;98.3005;93.6818
31.01.2012;100.7342;97.4584;96.6277;101.5057;90.8884;99.1202;95.1014
29.02.2012;101.018;97.7188;97.2094;101.3594;90.9777;98.4195;98.2278
31.03.2012;101.5812;98.1998;97.4353;101.5185;90.6958;98.3407;99.3476
30.04.2012;101.6571;97.6025;97.0203;101.8655;91.1983;98.0509;96.9878
31.05.2012;101.639;98.5401;97.8926;101.8955;91.5995;98.4927;100.1194
30.06.2012;101.3523;98.7423;98.2204;100.9853;91.7149;97.8177;103.7154
31.07.2012;100.8645;98.7617;98.3308;101.2675;91.3684;98.0149;103.5983
31.08.2012;100.8341;98.0994;97.4762;100.9144;91.077;97.7796;101.0325
30.09.2012;101.1483;97.9131;97.4648;100.4637;90.9019;97.7242;101.4646
31.10.2012;101.2732;98.2511;97.6556;100.0891;91.2547;97.8494;101.3919
30.11.2012;100.9412;97.4395;96.8217;100.1653;90.6028;97.9356;98.7628
31.12.2012;100.7254;97.6897;97.3301;101.1672;91.1327;98.0966;99.3389
31.01.2013;100.4625;98.4693;97.8296;100.7348;91.3956;98.025;101.571
28.02.2013;100.7593;98.1877;97.6812;100.3779;91.3432;98.2189;100.9927
31.03.2013;100.9782;98.6572;98.1183;100.7014;92.3497;98.0554;101.3498
30.04.2013;101.0122;98.5975;98.0521;100.2641;92.5939;98.2327;101.2384
31.05.2013;101.1233;99.3564;98.9841;101.5284;93.395;98.6729;104.261
30.06.2013;101.2227;99.7492;99.377;99.2528;93.3757;98.5809;108.1459
31.07.2013;100.8617;100.7256;100.4569;101.5692;93.501;99.2765;110.7293
31.08.2013;100.7891;99.6422;99.3268;100.3829;93.5357;98.9679;106.5232
30.09.2013;101.0923;99.988;99.7929;100.6987;94.0787;99.0794;108.3805
31.10.2013;101.0147;99.1386;98.7496;100.6266;92.0151;99.6794;105.1689
30.11.2013;101.0217;99.1208;98.787;100.5656;94.5658;99.4062;101.8187
31.12.2013;100.793;99.1726;98.8601;99.6207;94.2541;99.3297;103.1364
31.01.2014;100.5172;99.5418;99.2316;100.4845;94.2302;99.1753;104.1273
28.02.2014;100.6171;99.2574;98.9945;100.4596;93.8954;100.0541;102.2528
31.03.2014;100.981;99.9056;99.4761;100.9521;95.4052;100.959;100.8343
30.04.2014;101.0506;99.3262;99.0909;99.9879;94.6275;100.6033;100.8827
31.05.2014;101.3466;100.4288;100.1668;100.6692;96.0319;100.9813;103.7201
30.06.2014;101.2729;100.8827;100.7612;100.4623;95.8247;100.7688;107.5467
31.07.2014;100.8939;101.0005;100.8639;100.8085;96.3732;100.5755;106.6478
31.08.2014;100.8614;101.0769;100.9837;101.2858;96.0047;101.4136;106.0166
30.09.2014;101.0037;101.2435;101.2057;100.7429;95.5036;100.7586;109.9963
31.10.2014;101.0019;99.9554;99.6747;100.0749;93.6366;101.0182;104.5231
30.11.2014;100.9625;99.8022;99.4997;100.9947;94.8467;100.7646;101.5916
31.12.2014;100.462;99.3454;99.0738;100.4188;94.0091;101.2873;100.4051
31.01.2015;100.0294;99.8508;99.4266;101.095;94.8586;100.9704;100.6394
28.02.2015;99.7723;99.1967;98.7937;101.4478;93.8576;99.9211;100.084
31.03.2015;100.0978;98.872;98.4902;101.1739;93.6609;98.7662;99.5407
30.04.2015;99.9162;98.8186;98.4983;101.5487;93.1745;99.4471;100.3455
31.05.2015;100.1488;99.263;99.06;101.1776;94.5494;98.6246;102.3896
30.06.2015;100.2224;100.0732;99.9066;101.194;94.6098;99.343;104.925
31.07.2015;99.6065;99.5179;99.2741;99.9069;93.7148;99.2422;105.5362
31.08.2015;99.4468;99.9369;99.8117;101.38;95.3712;99.0162;104.5986
30.09.2015;99.5456;99.8917;99.8397;100.9029;94.2696;98.898;107.4329
31.10.2015;99.6284;99.3884;99.2107;100.9947;94.0815;98.8529;104.756
30.11.2015;99.5566;99.2352;99.0262;101.0821;94.6896;98.6199;101.9511
31.12.2015;99.1476;98.1263;97.977;100.0777;93.429;99.308;99.1819
31.01.2016;98.7624;98.4491;98.2149;101.0651;94.732;98.7108;98.1718
29.02.2016;98.9457;98.7931;98.5573;101.0679;94.5797;99.4681;99.3768
31.03.2016;99.2362;98.8081;98.6613;101.6797;94.315;99.2287;99.9623
30.04.2016;99.5645;98.8913;98.7227;100.883;94.5566;98.4203;101.5353
31.05.2016;99.7082;99.4739;99.2807;100.9204;94.0149;98.7775;104.0984
30.06.2016;99.8475;100.6955;100.6866;100.8666;95.5182;98.5756;108.904
31.07.2016;99.4044;100.7579;100.9159;99.5589;96.1644;98.3909;110.1812
31.08.2016;99.3045;101.2254;101.1341;101.7886;96.1226;98.109;109.0681
30.09.2016;99.3649;100.4957;100.5582;100.7538;95.828;97.9534;108.2703
31.10.2016;99.4164;100.2073;100.1322;101.384;96.0223;98.1497;105.9956
30.11.2016;99.2199;100.0004;99.8029;100.8262;96.0315;97.8791;104.8162
31.12.2016;99.1409;99.0279;99.1062;100.3354;94.4788;98.124;103.7433
31.01.2017;99.107;99.349;99.2436;100.675;94.5535;98.0176;103.7879
28.02.2017;99.5849;100.5949;100.6662;100.9966;94.9066;98.1977;109.6057
31.03.2017;99.7997;99.3825;99.2048;100.57;94.7816;98.1419;103.1517
30.04.2017;100.0004;98.8644;98.6848;101.2249;95.1715;97.9046;100.2831
31.05.2017;100.1862;100.1846;100.1113;101.0224;96.0677;98.4559;104.6251
30.06.2017;100.0444;100.1049;100.1652;100.8875;95.9669;98.153;105.8985
31.07.2017;99.7317;101.0639;100.9444;100.8766;96.9627;98.4133;107.6118
31.08.2017;99.764;100.8676;100.7746;100.7492;97.2308;98.7061;106.0626
30.09.2017;100.0128;100.8125;100.8113;99.7635;96.4127;98.428;109.2198
31.10.2017;100.0735;100.5871;100.6122;100.4201;95.7135;99.0129;108.5418
30.11.2017;100.0008;100.3325;100.3786;101.2011;96.3919;99.6836;104.9622
31.12.2017;99.9724;99.6495;99.7372;100.1923;95.8541;99.9721;102.5325
31.01.2018;99.8406;100.388;100.1678;100.9321;96.2423;99.085;104.1429
28.02.2018;100.2104;100.1847;100.1191;100.8479;95.7016;99.3851;104.5276
31.03.2018;100.5935;100.3177;100.2059;101.7517;95.9844;99.5162;103.769
30.04.2018;100.8036;100.2236;100.105;101.4649;95.9869;99.7369;103.6464
31.05.2018;101.1873;101.7707;101.7926;101.8454;97.5482;99.7578;108.5619
30.06.2018;101.1915;102.229;102.2761;101.2018;97.6389;99.7316;111.6542
31.07.2018;100.9587;102.5587;102.4406;101.5738;97.6359;99.7208;111.6611
31.08.2018;100.9423;101.9309;101.8736;100.9808;97.455;99.668;109.4631
30.09.2018;101.0024;102.3564;102.5082;101.4516;96.9063;99.8808;112.5268
31.10.2018;101.1809;102.2678;102.2998;102.2087;97.5612;100.2911;110.8598
30.11.2018;100.9228;101.6083;101.6635;101.9255;97.7088;99.7745;108.0425
31.12.2018;100.6637;101.1245;101.3453;101.6341;97.519;100.2442;106.5935
31.01.2019;100.3998;101.2391;101.2775;101.335;97.3943;99.8119;106.9713
28.02.2019;100.7902;101.6537;101.6317;101.9984;97.8054;99.8069;107.9628
31.03.2019;101.3269;101.3648;101.4087;102.0304;98.7543;100.0715;105.6296
30.04.2019;101.5173;101.4571;101.4231;101.6057;99.6588;100.1451;104.5922
31.05.2019;101.8291;101.9797;101.998;101.795;99.6624;99.5579;107.5951
30.06.2019;101.7989;102.3679;102.4657;101.7222;99.2498;99.7408;110.6786
31.07.2019;101.2735;102.1778;102.3746;101.805;98.2079;99.5109;110.8301
31.08.2019;101.2632;102.2628;102.3223;101.5588;98.9192;99.4085;110.6735
30.09.2019;101.1522;102.0102;102.0995;101.6761;98.5815;99.8214;109.7082
31.10.2019;100.9248;101.0133;101.0961;100.7491;98.1902;99.9939;106.4789
30.11.2019;100.7904;100.3776;100.2222;100.7428;97.9328;99.866;103.6976
31.12.2019;100.8205;100.4216;100.4741;100.7631;99.3685;100.4628;101.948
31.01.2020;100.6029;100.2553;100.1624;100.4665;99.5572;99.8227;101.1485
29.02.2020;100.7275;100.3282;100.3117;100.6993;98.8104;100.0289;102.0142
31.03.2020;100.8049;101.0264;100.9147;101.8916;100.7442;100.1497;101.1998
30.04.2020;100.4382;101.739;101.8141;102.2168;101.0581;100.9621;104.4083
31.05.2020;100.4803;102.375;102.4345;101.1841;101.321;100.6273;107.5124
30.06.2020;100.5012;103.3797;103.4989;101.3529;101.9633;100.5994;111.4932
31.07.2020;100.3419;102.872;102.8588;100.9411;101.2304;100.2835;110.1778
31.08.2020;100.3861;102.4328;102.5205;100.2653;101.6399;100.1411;108.6784
30.09.2020;100.3431;102.4832;102.5618;99.9198;101.3104;99.9447;110.0543
31.10.2020;100.3492;101.8032;101.8624;99.7053;101.2139;100.5211;107.1198
30.11.2020;100.1002;100.7576;100.7619;99.9419;100.8111;99.7109;103.4667
31.12.2020;100;100;100;100;100;100;100
31.01.2021;100.0553;99.9883;99.8155;99.6753;99.6699;99.9485;99.4655
28.02.2021;100.2198;99.8237;99.7516;100.3529;99.5793;100.2709;99.319
31.03.2021;100.5577;99.4905;99.4869;99.5424;99.5448;99.9886;98.5758
30.04.2021;100.7675;99.7449;99.6142;99.923;99.0776;99.6389;99.784
31.05.2021;101.0339;100.2662;100.2019;99.7951;100.2673;100.1482;100.8485
30.06.2021;101.1087;100.5002;100.4849;100.0028;98.1914;99.8737;104.3113
31.07.2021;101.023;100.7808;100.8427;99.9694;98.617;100.1977;104.697
31.08.2021;101.2711;101.2516;101.2736;100.0431;98.5416;100.0159;106.5529
30.09.2021;101.2887;100.7135;100.7589;99.9033;97.9467;100.0068;105.412
31.10.2021;101.5954;99.8108;99.7509;99.7913;97.9171;99.7759;102.3526
30.11.2021;101.6346;99.0919;99.0264;99.6915;98.3066;99.2805;99.1789
31.12.2021;101.5311;98.5889;98.6595;99.4228;98.1112;99.7185;97.2859
31.01.2022;101.705;98.4684;98.2757;98.8553;97.6257;99.8991;95.4589
28.02.2022;102.3754;98.7092;98.5515;100.6443;97.9994;99.9896;95.3399
31.03.2022;102.9572;99.534;99.1313;101.3961;98.5222;100.6484;95.3709
30.04.2022;103.3351;99.4939;99.3616;101.2073;98.609;100.2085;97.1348
31.05.2022;104.0068;101.3209;101.0698;101.6434;99.763;102.1144;99.7368
30.06.2022;104.5312;102.4047;102.3113;102.4075;99.735;102.0227;104.6054
31.07.2022;104.4916;102.6959;102.723;102.8849;99.784;102.6796;105.3628
31.08.2022;104.7671;103.7392;103.5796;103.2381;100.5592;103.6998;105.8999
30.09.2022;104.5831;103.6005;103.6432;104.0405;100.6995;104.6148;105.6958
31.10.2022;104.6392;103.9675;103.9279;105.1176;100.625;105.6079;105.6591
30.11.2022;104.6432;103.4535;103.4002;105.281;101.5315;105.94;101.7374
31.12.2022;104.4149;102.5719;102.6477;104.2531;100.6109;106.3985;99.3361
